,accuracy,precision,recall,f1,auc
MLP,0.23076923076923078,0.2738095238095238,0.3055555555555555,0.20833333333333334,0.6833333333333332
SVM,0.3076923076923077,0.2777777777777778,0.38888888888888884,0.24206349206349206,0.7833333333333333
RF,0.3076923076923077,0.2611111111111111,0.38888888888888884,0.2261904761904762,0.6729166666666667
KNN,0.38461538461538464,0.23611111111111108,0.3055555555555555,0.2642857142857143,0.58125
GBDT,0.07692307692307693,0.08333333333333333,0.05555555555555555,0.06666666666666667,0.48333333333333334
