,accuracy,precision,recall,f1,auc
MLP,0.2,0.15476190476190477,0.13194444444444445,0.1420634920634921,0.6293055555555556
SupportVectorMachine,0.36,0.21581196581196582,0.2333333333333333,0.21139971139971137,0.4619444444444445
RandomForest,0.28,0.18888888888888888,0.2041666666666667,0.18104575163398692,0.6304861111111112
KNeighbors,0.28,0.14989177489177488,0.17777777777777778,0.15906432748538013,0.6520833333333333
GBDT,0.24,0.20436507936507933,0.32916666666666666,0.2199346405228758,0.6388888888888888
