,accuracy,precision,recall,f1,auc
MLP,0.5,0.5416666666666666,0.4297619047619048,0.43179989944695824,0.7367913832199547
SupportVectorMachine,0.35714285714285715,0.16666666666666666,0.23809523809523805,0.18256410256410258,0.6748696145124717
RandomForest,0.32142857142857145,0.13596491228070176,0.21428571428571427,0.15384615384615385,0.692001133786848
KNeighbors,0.42857142857142855,0.3888888888888889,0.38650793650793647,0.365460927960928,0.6891326530612244
GBDT,0.2857142857142857,0.27645502645502645,0.19999999999999998,0.1865079365079365,0.6833106575963719
