,accuracy,precision,recall,f1,auc
MLP,0.1590909090909091,0.1513157894736842,0.13055555555555556,0.12830687830687829,0.5179979423868314
SVM,0.3181818181818182,0.10833333333333334,0.19999999999999998,0.1367965367965368,0.5924609053497942
RF,0.22727272727272727,0.08912655971479501,0.14074074074074075,0.10551075268817205,0.5564166666666667
KNN,0.22727272727272727,0.14052287581699344,0.14814814814814814,0.13846153846153844,0.4707849794238683
GBDT,0.2727272727272727,0.16809116809116809,0.17777777777777778,0.16792929292929293,0.5962798353909464
